Frame Number,Confidence Rate (Original),Confidence Rate with Noise,Confidence Rate with Blur,Variance of Noise is: 100,Window Size is: 5 by 5,video\sivri.mp4,Number of total Frames: 1619.0
0.0,0.9534234,0.69615287,0.62620014
1.0,0.89259666,0.38084212,0.84575355
2.0,0.9508635,0.3766644,0.7715149
3.0,0.9948532,0.6060621,0.8909067
4.0,0.9855198,0.2540956,0.7551217
5.0,0.9890782,0.5294951,0.7076098
6.0,0.9954786,0.6629876,0.7430208
7.0,0.9877273,0.14687645,0.64453036
8.0,0.99719137,0.12732932,0.7837218
9.0,0.99710685,0.7862335,0.80897844
10.0,0.99716187,0.2643709,0.63905394
11.0,0.98251826,0.17201048,0.82074773
12.0,0.9397293,0.039690416,0.8788483
13.0,0.9586363,0.044348188,0.7859754
14.0,0.927523,0.13197829,0.68123066
15.0,0.7979257,0.10916676,0.7394877
16.0,0.9046351,0.3131415,0.74473935
17.0,0.9707484,0.548404,0.8027131
18.0,0.99320227,0.10293708,0.76293856
19.0,0.98689145,0.65699583,0.74629754
20.0,0.97340393,0.48398143,0.69803333
21.0,0.99580574,0.14542447,0.8609142
22.0,0.9923096,0.205721,0.73644125
23.0,0.99598557,0.026194196,0.87098515
24.0,0.9955188,0.27372354,0.71605235
25.0,0.9963607,0.030881362,0.8963405
26.0,0.9888958,0.8733078,0.7330305
27.0,0.9691919,0.1173774,0.84457904
28.0,0.9901889,0.047053847,0.8005629
29.0,0.99470127,0.24354655,0.89873093
30.0,0.9937122,0.58494765,0.84856224
31.0,0.9855423,0.12088725,0.72513753
32.0,0.9913305,0.37859833,0.77953506
33.0,0.98953164,0.15058713,0.6313488
34.0,0.9554822,0.5277871,0.650706
35.0,0.9878991,0.42342842,0.6818044
36.0,0.86860543,0.016080376,0.43712223
37.0,0.7881394,0.012816478,0.543787
38.0,0.80543447,0.011950835,0.46666825
39.0,0.7457466,0.0,0.6768943
40.0,0.84405214,0.39490113,0.7855776
41.0,0.6664943,0.28028318,0.87956655
42.0,0.7947132,0.0,0.71270186
43.0,0.6407705,0.010268937,0.9346485
44.0,0.884927,0.23239,0.82055426
45.0,0.9289854,0.26713225,0.6874733
46.0,0.9774753,0.07487311,0.6953635
47.0,0.9915302,0.107091494,0.66150403
48.0,0.9966318,0.6725953,0.8246738
49.0,0.99686426,0.48630536,0.8414807
50.0,0.99270904,0.33494702,0.7860057
51.0,0.985061,0.91174614,0.7123989
52.0,0.9953608,0.64598125,0.845932
53.0,0.9943719,0.75813895,0.9314396
54.0,0.9701872,0.3288968,0.7573892
55.0,0.9923118,0.70071113,0.7571754
56.0,0.8701104,0.67510885,0.5847116
57.0,0.84944916,0.09744759,0.71410173
58.0,0.9296478,0.11833224,0.6481874
59.0,0.68569654,0.35977033,0.6932839
60.0,0.28259513,0.12841295,0.5645718
61.0,0.64612,0.0,0.33630338
62.0,0.5321254,0.0,0.35899106
63.0,0.6731232,0.013496239,0.4700619
64.0,0.39696518,0.0859912,0.7107402
65.0,0.63070905,0.043079723,0.5448483
66.0,0.37945276,0.18750715,0.45219955
67.0,0.56255484,0.048870455,0.45800346
68.0,0.47897822,0.2901297,0.5820529
69.0,0.09330308,0.38396144,0.46632737
70.0,0.6415141,0.13783075,0.65288293
71.0,0.77537936,0.38257238,0.5888269
72.0,0.17511687,0.15164109,0.59014535
73.0,0.15038903,0.15679835,0.5753029
74.0,0.13061336,0.32642224,0.6463385
75.0,0.12919036,0.50944376,0.68581975
76.0,0.12298249,0.48681223,0.69701296
77.0,0.098895475,0.1695087,0.5745518
78.0,0.06218921,0.19923529,0.6371217
79.0,0.13841958,0.6748174,0.57896453
80.0,0.13541159,0.08103447,0.65551484
81.0,0.06864436,0.074210055,0.61814564
82.0,0.06380941,0.04790773,0.5322057
83.0,0.053047266,0.016044203,0.42945132
84.0,0.049515624,0.08153159,0.5338676
85.0,0.11874103,0.026387595,0.5434408
86.0,0.15118244,0.06634443,0.47909978
87.0,0.16499195,0.11540098,0.5455435
88.0,0.08219871,0.033572458,0.5774661
89.0,0.091535024,0.122555755,0.58199376
90.0,0.13463065,0.16640736,0.56402886
91.0,0.068751745,0.07395002,0.6116243
92.0,0.2276647,0.08010227,0.6602484
93.0,0.309491,0.022325957,0.48084685
94.0,0.17704359,0.06662077,0.58823115
95.0,0.3088266,0.30538255,0.54535216
96.0,0.21616086,0.09097204,0.6302166
97.0,0.24085166,0.044975843,0.5381918
98.0,0.30017573,0.080385506,0.54966426
99.0,0.13932665,0.109961025,0.5842584
100.0,0.30904642,0.022415077,0.39131236
101.0,0.40553114,0.1129361,0.61529154
102.0,0.74897,0.0,0.45505217
103.0,0.90869194,0.2815097,0.667863
104.0,0.88733345,0.26878455,0.63194793
105.0,0.9609972,0.018180192,0.65705144
106.0,0.9488962,0.025880707,0.529666
107.0,0.92576903,0.04106363,0.58647996
108.0,0.93369,0.31448022,0.6622251
109.0,0.53243655,0.046151813,0.5840684
110.0,0.85215455,0.48200086,0.8326766
111.0,0.75086766,0.71742207,0.83360606
112.0,0.58845437,0.065324344,0.73364866
113.0,0.47804874,0.04796149,0.75257355
114.0,0.89798886,0.082347885,0.66165054
115.0,0.9714841,0.11119934,0.7924393
116.0,0.96440303,0.17723188,0.80142534
117.0,0.9502787,0.06170378,0.85022914
118.0,0.9148435,0.49863356,0.75944555
119.0,0.84541047,0.043999,0.64551014
120.0,0.98843914,0.020698609,0.5151463
121.0,0.91445726,0.11596829,0.4887904
122.0,0.9630496,0.33322212,0.5972301
123.0,0.97708523,0.0353081,0.99030787
124.0,0.98240316,0.25322202,0.66911566
125.0,0.8786551,0.12245614,0.86898893
126.0,0.9645962,0.0,0.80963147
127.0,0.93091446,0.026074462,0.83768797
128.0,0.899929,0.05353583,0.75377655
129.0,0.9821247,0.104759954,0.74570763
130.0,0.9456998,0.0189352,0.62744826
131.0,0.96325475,0.021374302,0.54061705
132.0,0.9553944,0.040417068,0.76862156
133.0,0.9876643,0.11580749,0.7596105
134.0,0.9437208,0.30742246,0.71578234
135.0,0.98583174,0.0,0.7066236
136.0,0.9891628,0.042901184,0.6839597
137.0,0.9973852,0.20171481,0.6234164
138.0,0.9978811,0.31043595,0.8403236
139.0,0.99865973,0.17304489,0.65119594
140.0,0.9953685,0.016557889,0.71405065
141.0,0.99498993,0.026597915,0.7520984
142.0,0.9979153,0.03386049,0.7599102
143.0,0.9943299,0.026377235,0.8262824
144.0,0.9973667,0.091520615,0.49106628
145.0,0.9973756,0.098991975,0.6828206
146.0,0.99860436,0.016019674,0.6720607
147.0,0.9982901,0.028138462,0.8018799
148.0,0.9988508,0.10805239,0.8003265
149.0,0.9989427,0.21450828,0.7877353
150.0,0.991956,0.0,0.7950406
151.0,0.9979704,0.05245,0.8079052
152.0,0.9974172,0.039529555,0.64903194
153.0,0.99868685,0.02287945,0.6638494
154.0,0.9958984,0.05278544,0.74132854
155.0,0.994987,0.030466096,0.6063883
156.0,0.9955285,0.2631452,0.61865664
157.0,0.98850226,0.011410848,0.6977083
158.0,0.98056567,0.10930556,0.6955501
159.0,0.9839565,0.0252162,0.5928922
160.0,0.95922107,0.025991347,0.73441404
161.0,0.9818969,0.014172546,0.5776685
162.0,0.9763471,0.028910045,0.48494613
163.0,0.9882903,0.07583158,0.6448834
164.0,0.9542445,0.010152862,0.57279456
165.0,0.9396415,0.111373745,0.53095585
166.0,0.9935675,0.013401376,0.5483918
167.0,0.9905007,0.0,0.4969508
168.0,0.9975803,0.051253077,0.48245892
169.0,0.988502,0.014529324,0.5440599
170.0,0.982444,0.028740862,0.45068282
171.0,0.9385687,0.012468879,0.54425496
172.0,0.99333644,0.013770513,0.41909888
173.0,0.99391395,0.048596438,0.65846
174.0,0.9932647,0.011651797,0.7298631
175.0,0.98548025,0.029282173,0.71033597
176.0,0.9857268,0.0,0.72058165
177.0,0.9819885,0.05259727,0.7320303
178.0,0.9906474,0.034244694,0.8616869
179.0,0.9961086,0.024809157,0.8751131
180.0,0.98109967,0.03338844,0.72785
181.0,0.9858532,0.0,0.70193154
182.0,0.9902768,0.0,0.7084184
183.0,0.98621815,0.06642127,0.6519151
184.0,0.97528094,0.04067583,0.6116721
185.0,0.98050135,0.015049484,0.5189357
186.0,0.99344796,0.0,0.61286336
187.0,0.93531287,0.018834773,0.6619002
188.0,0.9118357,0.0,0.5042013
189.0,0.9092254,0.0,0.51474077
190.0,0.98842734,0.0,0.5450656
191.0,0.987094,0.0,0.35493436
192.0,0.9942959,0.0,0.5490777
193.0,0.9939057,0.0,0.5085863
194.0,0.9936464,0.0,0.6794795
195.0,0.9936035,0.0,0.689523
196.0,0.99658704,0.0,0.67810625
197.0,0.9962804,0.0,0.6252464
198.0,0.9951716,0.0,0.6704765
199.0,0.99809486,0.0,0.653463
200.0,0.99614316,0.0,0.7730418
201.0,0.99864846,0.0,0.40329775
202.0,0.99552155,0.0,0.77759933
203.0,0.9980263,0.0,0.65679085
204.0,0.99729687,0.0,0.78367007
205.0,0.9947285,0.0,0.7595489
206.0,0.99485695,0.0,0.7611381
207.0,0.9967243,0.0,0.75441784
208.0,0.9964275,0.0,0.8786781
209.0,0.99698716,0.0,0.791281
210.0,0.98964334,0.0,0.81376815
211.0,0.9963475,0.0,0.79453486
212.0,0.9895074,0.0,0.79011595
213.0,0.99356854,0.0,0.8092793
214.0,0.9951001,0.0,0.83738816
215.0,0.99434257,0.0,0.7101435
216.0,0.9973556,0.0,0.85469496
217.0,0.99543023,0.0,0.7108036
218.0,0.9949302,0.0,0.75522536
219.0,0.9914512,0.0,0.8168171
220.0,0.994645,0.0,0.83500046
221.0,0.9956476,0.0,0.7806957
222.0,0.99618345,0.0,0.7771236
223.0,0.99219114,0.0,0.8286107
224.0,0.9934644,0.010794044,0.92228115
225.0,0.99462575,0.0,0.96515286
226.0,0.99514884,0.0,0.9137102
227.0,0.990276,0.0,0.9116522
228.0,0.98719054,0.0,0.930791
229.0,0.98230445,0.0,0.9323736
230.0,0.9768574,0.0,0.9105944
231.0,0.97051597,0.0,0.97377115
232.0,0.9913891,0.0,0.97814447
233.0,0.9851419,0.0,0.9683201
234.0,0.9922044,0.0,0.88874114
235.0,0.99125683,0.0,0.95276177
236.0,0.97192943,0.0,0.94244003
237.0,0.9581799,0.0,0.96544904
238.0,0.8917558,0.0,0.9419249
239.0,0.98995364,0.0,0.9581151
240.0,0.9780872,0.0,0.88976866
241.0,0.9795829,0.0,0.9488342
242.0,0.98130417,0.0,0.6191327
243.0,0.9756723,0.0,0.9041253
244.0,0.9838344,0.0,0.92842245
245.0,0.9948914,0.0,0.932086
246.0,0.99225414,0.0,0.95226324
247.0,0.9890921,0.0,0.91887474
248.0,0.9908612,0.0,0.8546684
249.0,0.96483874,0.0,0.91336
250.0,0.95478964,0.0,0.94708616
251.0,0.89048207,0.0,0.8786324
252.0,0.97845876,0.0,0.83706355
253.0,0.9751633,0.0,0.85940284
254.0,0.9708838,0.0,0.8633829
255.0,0.97846246,0.0,0.64382446
256.0,0.9881913,0.0,0.6351228
257.0,0.98717684,0.0,0.6502795
258.0,0.99339217,0.0,0.40083027
259.0,0.9809533,0.0,0.30801612
260.0,0.95413846,0.0,0.5163175
261.0,0.97793144,0.0,0.67857623
262.0,0.94552565,0.0,0.43818736
263.0,0.97108895,0.0,0.6081778
264.0,0.94820505,0.0,0.80661196
265.0,0.94469285,0.0,0.5664981
266.0,0.8749537,0.0,0.7306948
267.0,0.8263142,0.0,0.5996529
268.0,0.91510427,0.0,0.5664349
269.0,0.7861255,0.0,0.7959482
270.0,0.8786736,0.0,0.8163754
271.0,0.9016237,0.0,0.6708734
272.0,0.87056434,0.0,0.7165861
273.0,0.952008,0.0,0.52371013
274.0,0.95327127,0.0,0.6506155
275.0,0.9558123,0.0,0.5634363
276.0,0.97347426,0.0,0.83017594
277.0,0.976896,0.0,0.82185626
278.0,0.9865643,0.0,0.64438796
279.0,0.99402124,0.0,0.80899936
280.0,0.9913952,0.0,0.69303715
281.0,0.9918956,0.0,0.669763
282.0,0.9874358,0.0,0.49499133
283.0,0.9805502,0.0,0.3984214
284.0,0.98331153,0.0,0.54653513
285.0,0.9901956,0.0,0.54795927
286.0,0.9804827,0.0,0.5538218
287.0,0.97547126,0.0,0.647145
288.0,0.9869299,0.0,0.36742887
289.0,0.9785784,0.0,0.45443395
290.0,0.9763489,0.0,0.3222831
291.0,0.96458966,0.0,0.32086825
292.0,0.9735421,0.0,0.26569602
293.0,0.9754351,0.0,0.23701392
294.0,0.9660388,0.0,0.32173055
295.0,0.89048207,0.0,0.2470761
296.0,0.9077101,0.0,0.42024904
297.0,0.9551546,0.0,0.34238586
298.0,0.9638965,0.0,0.3937027
299.0,0.9247736,0.0,0.36165544
300.0,0.9268787,0.0,0.3054299
301.0,0.89964473,0.0,0.25599262
302.0,0.9384191,0.0,0.43055296
303.0,0.9529764,0.0,0.489072
304.0,0.90417135,0.0,0.48094687
305.0,0.9009033,0.0,0.5304004
306.0,0.9365663,0.0,0.5155471
307.0,0.96295905,0.0,0.600623
308.0,0.952421,0.0,0.60646427
309.0,0.9435426,0.0,0.69282234
310.0,0.9434003,0.0,0.72057647
311.0,0.79270774,0.0,0.774557
312.0,0.7457023,0.0,0.6053123
313.0,0.71532273,0.018242506,0.5873009
314.0,0.7520712,0.0,0.56157017
315.0,0.4603752,0.0,0.6666907
316.0,0.9233316,0.0,0.6336557
317.0,0.83259356,0.0,0.59073013
318.0,0.36801654,0.0,0.7184048
319.0,0.6081939,0.023134507,0.71350515
320.0,0.48888332,0.0,0.8002039
321.0,0.58914244,0.0,0.775247
322.0,0.3605772,0.0,0.75329983
323.0,0.36990282,0.0,0.6957407
324.0,0.5315485,0.0,0.7626291
325.0,0.5680654,0.0,0.5614547
326.0,0.5118865,0.0,0.5975633
327.0,0.60531443,0.0,0.61099154
328.0,0.35024753,0.0,0.51375705
329.0,0.47413248,0.0,0.5604625
330.0,0.47739863,0.0,0.5608335
331.0,0.47971603,0.0,0.47573626
332.0,0.5046502,0.014230256,0.7948124
333.0,0.80328745,0.0,0.8141159
334.0,0.5176394,0.0,0.88861674
335.0,0.47128382,0.031932537,0.83418393
336.0,0.47275862,0.1289571,0.734402
337.0,0.33437496,0.0,0.8252969
338.0,0.6499277,0.080642335,0.89123523
339.0,0.50086486,0.024233975,0.78687394
340.0,0.8978294,0.016847553,0.86797196
341.0,0.9377061,0.0,0.66096354
342.0,0.7981242,0.0,0.7004643
343.0,0.75951535,0.0,0.94234204
344.0,0.7544079,0.0220025,0.6977459
345.0,0.78780025,0.028331423,0.95339286
346.0,0.92016804,0.20224406,0.87322116
347.0,0.75978976,0.011168385,0.9629846
348.0,0.7246355,0.0,0.95536345
349.0,0.6860239,0.0,0.9848348
350.0,0.76392174,0.013584539,0.9694809
351.0,0.64796126,0.021684002,0.9778035
352.0,0.8796817,0.0,0.95812076
353.0,0.660859,0.06377379,0.9768171
354.0,0.7012454,0.06181642,0.97477674
355.0,0.5446599,0.025950221,0.970574
356.0,0.77042377,0.1047778,0.9589894
357.0,0.87326664,0.014576673,0.9742819
358.0,0.816614,0.14461875,0.88759404
359.0,0.69729686,0.12802826,0.97241795
360.0,0.7417243,0.0146067375,0.94350505
361.0,0.9158047,0.012056068,0.914539
362.0,0.94863635,0.0,0.9279223
363.0,0.5125781,0.0,0.72746134
364.0,0.74467874,0.0,0.9326618
365.0,0.6652717,0.0,0.84200805
366.0,0.8610901,0.01735459,0.8513181
367.0,0.74462,0.0,0.8959478
368.0,0.48819858,0.0,0.9493921
369.0,0.84352326,0.017601222,0.98201317
370.0,0.92569673,0.0,0.983955
371.0,0.46303496,0.0,0.9863746
372.0,0.9021662,0.0,0.96738017
373.0,0.9374598,0.0,0.97293043
374.0,0.95440066,0.0,0.9812639
375.0,0.7715128,0.018293573,0.9866545
376.0,0.91249,0.0,0.92595553
377.0,0.80188245,0.0,0.9657251
378.0,0.7166035,0.0133763505,0.92558986
379.0,0.9600261,0.065591596,0.96381575
380.0,0.8878386,0.5346714,0.98635906
381.0,0.8486114,0.07309768,0.9700809
382.0,0.92042154,0.0658276,0.99342656
383.0,0.99015486,0.4195924,0.98973924
384.0,0.98371214,0.034290418,0.9822996
385.0,0.988123,0.12362807,0.9908455
386.0,0.9947901,0.12578881,0.9966478
387.0,0.99469817,0.099351875,0.990162
388.0,0.95347345,0.023371743,0.98847777
389.0,0.99876153,0.0,0.98313725
390.0,0.98728704,0.065948196,0.97747326
391.0,0.98681647,0.24924116,0.9649115
392.0,0.9840247,0.2038767,0.9825225
393.0,0.977104,0.16065618,0.9327326
394.0,0.97208846,0.0,0.9687066
395.0,0.9720052,0.0,0.9860136
396.0,0.9819389,0.0,0.9773053
397.0,0.98950243,0.04572088,0.98903173
398.0,0.9830378,0.0,0.984365
399.0,0.9894365,0.01716496,0.9948612
400.0,0.9802909,0.04264864,0.95904243
401.0,0.9913583,0.0,0.99006116
402.0,0.9965718,0.0,0.9865595
403.0,0.994728,0.0,0.9303576
404.0,0.9976889,0.0,0.99288905
405.0,0.9954443,0.0,0.9892958
406.0,0.9459648,0.0,0.9963521
407.0,0.9958138,0.0,0.9874943
408.0,0.99646276,0.0,0.9965146
409.0,0.99425274,0.0,0.9925216
410.0,0.9967186,0.0,0.9953739
411.0,0.99786866,0.010079271,0.9967217
412.0,0.9953335,0.032206576,0.9974004
413.0,0.9925632,0.0,0.9967679
414.0,0.9925477,0.0,0.9971009
415.0,0.988025,0.030761402,0.99302965
416.0,0.9888754,0.0,0.99490863
417.0,0.9842875,0.0,0.9923171
418.0,0.9797966,0.0,0.99459606
419.0,0.978289,0.0,0.97802997
420.0,0.9769288,0.0,0.9621476
421.0,0.99161386,0.0,0.9402506
422.0,0.97589636,0.0,0.96618074
423.0,0.99381787,0.0,0.9839113
424.0,0.9585449,0.0,0.9225922
425.0,0.97506,0.0,0.95949644
426.0,0.9749154,0.0,0.93212026
427.0,0.9766396,0.0,0.9797079
428.0,0.99231553,0.0,0.98718613
429.0,0.97360003,0.0,0.9755011
430.0,0.9875706,0.0,0.9840289
431.0,0.98098534,0.0,0.9844893
432.0,0.9962568,0.018622138,0.9832638
433.0,0.9951139,0.0,0.9719591
434.0,0.99567837,0.0,0.98699945
435.0,0.98517716,0.0,0.9778061
436.0,0.9941095,0.0,0.9644399
437.0,0.99487406,0.0,0.9134721
438.0,0.99170554,0.0,0.8472318
439.0,0.9980135,0.030562125,0.9484641
440.0,0.9959181,0.0141480295,0.93107307
441.0,0.9626492,0.024748508,0.98132825
442.0,0.99810624,0.0,0.89082104
443.0,0.9953941,0.21993983,0.947674
444.0,0.9956513,0.0,0.8502392
445.0,0.99563617,0.0,0.94588804
446.0,0.997083,0.0,0.90712553
447.0,0.9948413,0.0,0.9281809
448.0,0.99713755,0.016897976,0.9000422
449.0,0.9966646,0.068178356,0.9752846
450.0,0.9967212,0.0,0.9287473
451.0,0.9990434,0.030940024,0.9321993
452.0,0.9995449,0.0,0.94648194
453.0,0.9993685,0.0,0.93447363
454.0,0.9993395,0.0,0.92648816
455.0,0.99965477,0.0,0.95223516
456.0,0.99669254,0.0,0.92148995
457.0,0.99893373,0.0,0.82356036
458.0,0.99874395,0.0,0.93667287
459.0,0.99943525,0.0,0.71239454
460.0,0.99912137,0.0,0.8221973
461.0,0.99973017,0.0,0.9456945
462.0,0.99887496,0.0,0.9101245
463.0,0.99974877,0.0,0.7779061
464.0,0.9995376,0.03042977,0.82020205
465.0,0.9971916,0.018204048,0.68219084
466.0,0.99906355,0.0,0.8982613
467.0,0.99951017,0.0,0.83760756
468.0,0.9997987,0.0,0.9503001
469.0,0.9997291,0.010999499,0.9237425
470.0,0.99932754,0.0398348,0.9028379
471.0,0.99955803,0.0,0.6655566
472.0,0.9997167,0.0,0.57530755
473.0,0.99992764,0.0,0.84250295
474.0,0.99995863,0.0,0.5629051
475.0,0.99982846,0.0,0.6468552
476.0,0.99993074,0.0,0.7704822
477.0,0.9995061,0.0,0.7542205
478.0,0.9997476,0.0,0.5675117
479.0,0.9996315,0.0,0.39786538
480.0,0.99982303,0.0,0.6877252
481.0,0.9998511,0.0,0.6242385
482.0,0.9998772,0.05037929,0.8810882
483.0,0.999918,0.03930714,0.582957
484.0,0.9998839,0.047152698,0.2329156
485.0,0.9999622,0.0,0.4865091
486.0,0.9999665,0.0,0.6154092
487.0,0.9999521,0.09194504,0.4584513
488.0,0.9999393,0.0,0.53797007
489.0,0.9998361,0.0,0.29434523
490.0,0.9999286,0.012314536,0.73449963
491.0,0.99980897,0.1573865,0.4354064
492.0,0.99947506,0.09386123,0.45544636
493.0,0.99992883,0.0286407,0.48779395
494.0,0.9992514,0.56831896,0.2638933
495.0,0.9995733,0.094167635,0.8168102
496.0,0.99991715,0.13022026,0.6870079
497.0,0.9999342,0.0,0.6205002
498.0,0.9999591,0.047033723,0.62964267
499.0,0.99998343,0.026291763,0.49886498
500.0,0.99989843,0.04890941,0.39940283
501.0,0.99981505,0.029396208,0.42237762
502.0,0.9999752,0.0,0.62288964
503.0,0.99982077,0.0,0.7401235
504.0,0.9997764,0.0,0.57516897
505.0,0.9996859,0.025080908,0.5863726
506.0,0.99948406,0.073896416,0.80700254
507.0,0.99800545,0.010136037,0.8876139
508.0,0.9982351,0.07634902,0.37475196
509.0,0.99863833,0.10618705,0.4249906
510.0,0.99958295,0.090962894,0.76761323
511.0,0.9998361,0.5093096,0.9065754
512.0,0.9998641,0.09000735,0.9273471
513.0,0.9997224,0.07439804,0.7072373
514.0,0.9992514,0.025580008,0.89879864
515.0,0.99969196,0.049374923,0.7029834
516.0,0.99833125,0.024556154,0.86780477
517.0,0.9985481,0.0,0.9177787
518.0,0.9992567,0.07023104,0.9194802
519.0,0.99975044,0.0,0.9090844
520.0,0.99935776,0.03229096,0.8463623
521.0,0.99986684,0.015486496,0.8162144
522.0,0.9995988,0.062554054,0.56043494
523.0,0.999964,0.052775774,0.94161534
524.0,0.9999318,0.028414384,0.96173584
525.0,0.9999566,0.0,0.9197968
526.0,0.99998724,0.020668378,0.98337007
527.0,0.9996686,0.19121678,0.9818812
528.0,0.99981135,0.096891515,0.7992392
529.0,0.999882,0.18553516,0.90404
530.0,0.99965465,0.356179,0.9678792
531.0,0.9997634,0.16555274,0.95224065
532.0,0.99990654,0.035859503,0.9080221
533.0,0.99968266,0.0,0.84864277
534.0,0.99952686,0.13124596,0.35667378
535.0,0.9991916,0.34058908,0.6465662
536.0,0.999582,0.014775902,0.64151675
537.0,0.9998085,0.07703752,0.43890882
538.0,0.9985765,0.15909302,0.48289534
539.0,0.9997497,0.30309978,0.8137822
540.0,0.99932075,0.012788778,0.53034127
541.0,0.99963176,0.076373674,0.24057904
542.0,0.9996076,0.029524338,0.35362744
543.0,0.9996486,0.037380487,0.6015726
544.0,0.99926,0.035338532,0.24189799
545.0,0.99892527,0.021229897,0.560216
546.0,0.99888235,0.015623117,0.4283628
547.0,0.9964682,0.030104974,0.5903781
548.0,0.99095374,0.060157456,0.17219183
549.0,0.99743724,0.14324324,0.48854598
550.0,0.9992617,0.7048247,0.64244705
551.0,0.99949443,0.0618378,0.5076649
552.0,0.9984257,0.084933795,0.2869772
553.0,0.99900025,0.06589164,0.26720116
554.0,0.99919087,0.25253677,0.30649713
555.0,0.9991209,0.060536902,0.26294404
556.0,0.9977843,0.038061444,0.36125803
557.0,0.99920493,0.031741492,0.16466491
558.0,0.99926287,0.2465193,0.32354322
559.0,0.99988604,0.19797687,0.24089767
560.0,0.9985916,0.1282732,0.26802292
561.0,0.99715734,0.024995372,0.803661
562.0,0.9993297,0.11057119,0.34102038
563.0,0.99963963,0.31408265,0.36118913
564.0,0.9997682,0.34441304,0.5140113
565.0,0.99988055,0.01430003,0.2144407
566.0,0.9998369,0.5854682,0.41493127
567.0,0.99986756,0.15609036,0.7101733
568.0,0.99967706,0.30890107,0.5897959
569.0,0.99897826,0.046359524,0.5913478
570.0,0.99922276,0.099181,0.55117387
571.0,0.99822325,0.05521453,0.45372188
572.0,0.9986149,0.070661105,0.48422566
573.0,0.99430966,0.086491555,0.9183775
574.0,0.99565697,0.07607434,0.625621
575.0,0.9943678,0.01567975,0.26189455
576.0,0.9916535,0.1470408,0.30481967
577.0,0.9970799,0.075248174,0.8055715
578.0,0.99387336,0.16070879,0.74086493
579.0,0.9954515,0.011819027,0.84088683
580.0,0.9996456,0.15298454,0.91738975
581.0,0.99942636,0.4077246,0.8045828
582.0,0.99953425,0.07928485,0.54122317
583.0,0.999539,0.0,0.87721986
584.0,0.99864024,0.8099825,0.92822194
585.0,0.9990094,0.11083087,0.9028027
586.0,0.99916184,0.123436816,0.87971884
587.0,0.99976605,0.05128782,0.8169497
588.0,0.999801,0.30961454,0.7195029
589.0,0.9996853,0.0,0.80365705
590.0,0.99979,0.048424102,0.96601194
591.0,0.9999634,0.13237973,0.5937388
592.0,0.999858,0.14694598,0.77038425
593.0,0.99992776,0.039276723,0.7604896
594.0,0.99988353,0.20650862,0.95574445
595.0,0.99988234,0.01453138,0.82236135
596.0,0.99996233,0.29734913,0.94572943
597.0,0.99856645,0.18187347,0.957464
598.0,0.9991779,0.26487255,0.9632483
599.0,0.9950911,0.09019069,0.95140755
600.0,0.99961406,0.3028872,0.91892517
601.0,0.9987363,0.07088529,0.89561045
602.0,0.9946089,0.13047026,0.43376583
603.0,0.99433535,0.015371013,0.94031
604.0,0.99412173,0.0,0.9001837
605.0,0.9934036,0.07289305,0.5941707
606.0,0.99134,0.023216987,0.80874157
607.0,0.9861436,0.10492448,0.8595402
608.0,0.9841695,0.04773089,0.9327525
609.0,0.9786522,0.07451663,0.7315077
610.0,0.97016215,0.15121327,0.9948742
611.0,0.95030797,0.021485478,0.98001456
612.0,0.98180044,0.0,0.9733617
613.0,0.96010256,0.033002544,0.9633071
614.0,0.91944814,0.0925219,0.9757981
615.0,0.96389425,0.41291025,0.88006085
616.0,0.9887637,0.061533984,0.9497844
617.0,0.9938923,0.46306553,0.940021
618.0,0.9944095,0.058034107,0.9125751
619.0,0.9936453,0.27582213,0.80822945
620.0,0.9979608,0.074843146,0.73556143
621.0,0.9973284,0.022532608,0.7820846
622.0,0.9988366,0.20128247,0.97630477
623.0,0.9985825,0.07113115,0.7319552
624.0,0.99891925,0.2531269,0.6535008
625.0,0.9995485,0.3701589,0.97892433
626.0,0.9998808,0.12185096,0.86850864
627.0,0.9997906,0.13762084,0.63760084
628.0,0.99979013,0.13689338,0.6895444
629.0,0.999534,0.0,0.9447105
630.0,0.99974793,0.026224475,0.53497386
631.0,0.9996222,0.02361001,0.8648374
632.0,0.99918324,0.01434613,0.8735533
633.0,0.9991831,0.068591945,0.9736284
634.0,0.99900573,0.19368827,0.907517
635.0,0.9998381,0.14795859,0.5276337
636.0,0.99961615,0.052271187,0.8200819
637.0,0.99755704,0.023197453,0.4962462
638.0,0.9995678,0.0,0.57211196
639.0,0.99953437,0.0,0.3037365
640.0,0.99913293,0.0,0.9290421
641.0,0.9992648,0.032843407,0.80682933
642.0,0.99776816,0.0,0.9517479
643.0,0.999509,0.040373918,0.37731686
644.0,0.99753016,0.037001044,0.9324486
645.0,0.99940455,0.23810022,0.8207683
646.0,0.9966292,0.20759201,0.6991393
647.0,0.99867415,0.509034,0.09628197
648.0,0.9985246,0.15374562,0.4349337
649.0,0.99524,0.0,0.5929036
650.0,0.99845076,0.14174005,0.3825373
651.0,0.99922955,0.0,0.81563264
652.0,0.9993831,0.10340161,0.70054793
653.0,0.9982002,0.033962283,0.37753445
654.0,0.9974988,0.023765929,0.54566044
655.0,0.99479276,0.0,0.097208716
656.0,0.99737513,0.1333803,0.18155797
657.0,0.99954575,0.033400267,0.10601659
658.0,0.99962854,0.049820423,0.16987213
659.0,0.99991786,0.19630663,0.21311758
660.0,0.9997677,0.02783872,0.37992725
661.0,0.9995869,0.030440394,0.32771865
662.0,0.9999659,0.10588949,0.10211758
663.0,0.99993503,0.0,0.110294625
664.0,0.9998271,0.029673593,0.084312014
665.0,0.999894,0.011960697,0.27119812
666.0,0.99991524,0.0,0.34020197
667.0,0.99995434,0.0,0.23594657
668.0,0.9999695,0.028728172,0.24851212
669.0,0.99997365,0.026349382,0.45887572
670.0,0.9999298,0.08821375,0.91041553
671.0,0.99983144,0.0,0.20773326
672.0,0.99990773,0.19004534,0.23152713
673.0,0.9995408,0.014129931,0.19086139
674.0,0.9996979,0.080446,0.23020744
675.0,0.9989034,0.067224905,0.1990901
676.0,0.99938154,0.027285106,0.3060911
677.0,0.9997261,0.044278044,0.100140154
678.0,0.9999143,0.0,0.16372411
679.0,0.99991643,0.01865195,0.448754
680.0,0.9996623,0.014464137,0.39024726
681.0,0.9997845,0.036717013,0.5029026
682.0,0.9998074,0.02336972,0.38206637
683.0,0.9998741,0.01382934,0.50454015
684.0,0.9999534,0.048440345,0.1967788
685.0,0.99921,0.07530746,0.33981463
686.0,0.9999795,0.011477791,0.33436778
687.0,0.99995565,0.073915154,0.48845455
688.0,0.9999682,0.019603131,0.64533263
689.0,0.999966,0.089234896,0.56004626
690.0,0.9997819,0.31859848,0.7060814
691.0,0.9999881,0.0,0.91283095
692.0,0.999979,0.0,0.4421074
693.0,0.99998426,0.0,0.9244664
694.0,0.99998915,0.036838043,0.9435603
695.0,0.9999678,0.013333733,0.94070196
696.0,0.9999783,0.0,0.88359475
697.0,0.99999106,0.0,0.98509616
698.0,0.9999771,0.0,0.63422364
699.0,0.99998724,0.041373577,0.9950553
700.0,0.99999213,0.021066234,0.77913815
701.0,0.9999769,0.0,0.929706
702.0,0.9999752,0.0,0.78461456
703.0,0.9999732,0.018733812,0.38503096
704.0,0.99999166,0.0,0.36418936
705.0,0.9999776,0.03588982,0.9519405
706.0,0.99997437,0.0,0.83178467
707.0,0.99997675,0.035834372,0.95555186
708.0,0.99999046,0.0,0.9348036
709.0,0.9999919,0.0,0.9924988
710.0,0.9999924,0.0,0.95393664
711.0,0.9999962,0.0,0.972129
712.0,0.99999595,0.0,0.9984499
713.0,0.99999356,0.0139557505,0.9220811
714.0,0.9999926,0.020440971,0.9858415
715.0,0.999997,0.06572636,0.9577882
716.0,0.99999774,0.029543214,0.99445033
717.0,0.999979,0.0359955,0.99720424
718.0,0.9999819,0.0,0.9942169
719.0,0.99997175,0.0,0.92867583
720.0,0.99998784,0.026549855,0.97819054
721.0,0.9999912,0.010655863,0.9972606
722.0,0.99999356,0.0871632,0.9123984
723.0,0.9999839,0.10265865,0.96054715
724.0,0.9999931,0.11311829,0.9952748
725.0,0.99999535,0.01820345,0.9997048
726.0,0.999995,0.015780125,0.99743205
727.0,0.99999845,0.30059683,0.9983942
728.0,0.99999774,0.3512079,0.9881516
729.0,0.9999988,0.19619085,0.9964832
730.0,0.9999988,0.0618451,0.8851649
731.0,0.9999951,0.7977899,0.996702
732.0,0.9999962,0.037718173,0.9992481
733.0,0.99999785,0.13455269,0.96558464
734.0,0.99999845,0.44475964,0.9925053
735.0,0.99999726,0.22740178,0.9972145
736.0,0.99999917,0.4827433,0.9899143
737.0,0.9999995,0.24856047,0.46885315
738.0,0.99999905,0.14678816,0.9984005
739.0,0.9999995,0.027871957,0.9941702
740.0,0.9999993,0.018933097,0.9984658
741.0,0.9999989,0.21831766,0.9974994
742.0,0.99999833,0.25072137,0.99957615
743.0,0.9999968,0.27198917,0.9985763
744.0,0.999997,0.13291167,0.9980981
745.0,0.99999857,0.24876009,0.99936837
746.0,0.9999981,0.46553499,0.99863064
747.0,0.9999974,0.127301,0.9997665
748.0,0.99999857,0.16429739,0.9998385
749.0,0.99999714,0.23315595,0.99636334
750.0,0.9999987,0.103186,0.99702674
751.0,0.9999962,0.7731446,0.99805295
752.0,0.9999981,0.42330977,0.99870205
753.0,0.99999905,0.3959403,0.9991522
754.0,0.9999988,0.5093651,0.9992059
755.0,0.99999857,0.341218,0.99965584
756.0,0.99999917,0.2905606,0.9997782
757.0,0.9999989,0.59652346,0.9971374
758.0,0.9999995,0.22428052,0.99891436
759.0,0.9999988,0.31453076,0.9997004
760.0,0.9999995,0.11431146,0.999821
761.0,0.99999976,0.31532678,0.99955195
762.0,0.9999989,0.26636696,0.9853674
763.0,0.99999833,0.48271957,0.9941924
764.0,0.9999988,0.097517684,0.9992841
765.0,0.99999976,0.16350377,0.9993697
766.0,0.9999989,0.090656765,0.99976593
767.0,0.99999917,0.5178848,0.9996705
768.0,0.9999993,0.16133893,0.9996531
769.0,0.9999987,0.28911602,0.9990951
770.0,0.9999995,0.61829567,0.99969196
771.0,0.9999993,0.4231932,0.999752
772.0,0.99999833,0.7949227,0.99943095
773.0,0.99999917,0.24231984,0.99752146
774.0,0.9999994,0.41277158,0.9978703
775.0,0.9999995,0.31901312,0.9983498
776.0,0.99999964,0.029460069,0.9989303
777.0,0.99999785,0.26396966,0.99990165
778.0,0.99999905,0.26460186,0.9999492
779.0,0.99999654,0.83959544,0.9990957
780.0,0.999997,0.5859915,0.9998621
781.0,0.99999714,0.5515417,0.99931693
782.0,0.9999989,0.47413227,0.9997557
783.0,0.99999905,0.3001345,0.9988801
784.0,0.9999994,0.5120435,0.9993555
785.0,0.99999857,0.47482198,0.9996393
786.0,0.9999982,0.20384672,0.99966395
787.0,0.99999905,0.52264786,0.999488
788.0,0.9999994,0.13284138,0.99988055
789.0,0.99999976,0.46593153,0.9996376
790.0,0.9999989,0.6590326,0.99653316
791.0,0.9999995,0.28408936,0.9997813
792.0,0.9999994,0.14198795,0.9996985
793.0,0.99999964,0.06186295,0.9981426
794.0,0.99999964,0.24099545,0.9991737
795.0,0.9999994,0.056498934,0.9993493
796.0,0.9999988,0.021346273,0.24275166
797.0,0.99999964,0.07547062,0.9996917
798.0,0.9999995,0.01147791,0.99924564
799.0,0.9999963,0.0,0.9998914
800.0,0.99999905,0.03616834,0.99948454
801.0,0.9999988,0.18134968,0.9933744
802.0,0.9999987,0.0627503,0.9995161
803.0,0.9999993,0.13726394,0.99601716
804.0,0.99999833,0.0,0.99979764
805.0,0.9999995,0.0692844,0.99764204
806.0,0.9999995,0.06098127,0.9708021
807.0,0.9999999,0.33950135,0.9974027
808.0,0.99999976,0.18470272,0.9491987
809.0,0.99999976,0.37543148,0.997216
810.0,0.99999976,0.25251663,0.99258703
811.0,0.99999976,0.022777934,0.42681238
812.0,0.99999964,0.01969399,0.999244
813.0,0.9999999,0.03985997,0.9972379
814.0,0.9999999,0.33722574,0.9938198
815.0,0.9999995,0.44506103,0.9861892
816.0,1.0,0.058150932,0.99860543
817.0,0.9999995,0.20780106,0.99024993
818.0,0.99999964,0.14459096,0.9619352
819.0,0.9999988,0.5829489,0.98371243
820.0,0.999998,0.31600314,0.9916715
821.0,0.99999905,0.90890455,0.97856414
822.0,0.9999995,0.6164044,0.9650615
823.0,0.9999982,0.4814163,0.95820886
824.0,0.99999964,0.53494877,0.9800699
825.0,0.9999995,0.39251578,0.92845136
826.0,0.99999964,0.46440813,0.9782007
827.0,0.99999964,0.47569427,0.91754097
828.0,0.99999917,0.5394159,0.9376561
829.0,0.9999933,0.7956888,0.96611905
830.0,0.99999917,0.8950836,0.95002663
831.0,0.9999968,0.5314663,0.89980716
832.0,0.99999785,0.8561002,0.97817457
833.0,0.9999981,0.8788847,0.9419512
834.0,0.9999995,0.4861906,0.9804498
835.0,0.9999994,0.43561164,0.97009224
836.0,0.9999994,0.3496146,0.9858127
837.0,0.9999988,0.5613208,0.9866063
838.0,0.99999964,0.42077675,0.9637647
839.0,0.99999785,0.8308918,0.9918772
840.0,0.99999964,0.12603287,0.99629277
841.0,0.9999994,0.7448986,0.9918064
842.0,0.9999993,0.05055302,0.99388134
843.0,0.9999987,0.65102893,0.98443747
844.0,0.99999785,0.18877208,0.97276324
845.0,0.9999976,0.2443176,0.98404306
846.0,0.99999976,0.7077565,0.98604035
847.0,0.999995,0.6607357,0.9941103
848.0,0.99999714,0.30779043,0.99729866
849.0,0.9999987,0.5316239,0.99379796
850.0,0.9999963,0.08962989,0.98313993
851.0,0.99999774,0.028546186,0.99329114
852.0,0.9999994,0.08432029,0.9978315
853.0,0.9999999,0.16270243,0.9869244
854.0,0.9999994,0.31497756,0.9886092
855.0,0.9999999,0.038731102,0.99739635
856.0,0.9999999,0.1427521,0.9974612
857.0,0.9999995,0.06584831,0.99563557
858.0,0.9999999,0.07849194,0.99301857
859.0,0.9999999,0.22128958,0.98354036
860.0,0.99999976,0.21132131,0.9913483
861.0,0.9999995,0.5222664,0.99152726
862.0,0.9999994,0.095874555,0.99667764
863.0,0.99999857,0.30616492,0.9995857
864.0,0.999998,0.47561368,0.9994665
865.0,0.9999995,0.07678556,0.9949921
866.0,0.99999917,0.33741713,0.997477
867.0,0.99999976,0.22019824,0.97654766
868.0,0.9999993,0.04263336,0.9956454
869.0,0.99999964,0.45411912,0.99207723
870.0,0.99999905,0.1108986,0.9950111
871.0,0.9999995,0.15994364,0.969426
872.0,0.9999989,0.10774157,0.9981165
873.0,0.9999995,0.022445537,0.97044736
874.0,0.99999917,0.04790775,0.99621284
875.0,0.99999595,0.5243004,0.9889259
876.0,0.99999857,0.03990113,0.96917
877.0,0.9999988,0.58259726,0.9948343
878.0,0.9999987,0.10600458,0.8583138
879.0,0.9999964,0.100523144,0.9974063
880.0,0.99999774,0.37795871,0.47528955
881.0,0.9999995,0.57663363,0.88380677
882.0,0.99999976,0.07516858,0.53194654
883.0,0.99999964,0.06955384,0.9885361
884.0,0.99999976,0.3875894,0.9963509
885.0,0.9999999,0.0,0.99491996
886.0,0.99999976,0.05045732,0.99738485
887.0,0.9999995,0.08899062,0.9988846
888.0,0.99999964,0.19176647,0.9949698
889.0,0.99999964,0.2618509,0.99736756
890.0,0.99999905,0.7601673,0.9953328
891.0,0.99999845,0.46563974,0.985768
892.0,0.9999832,0.823695,0.99783427
893.0,0.99999523,0.3623129,0.998719
894.0,0.9999883,0.63357586,0.99824846
895.0,0.9999809,0.3439674,0.9955918
896.0,0.99999344,0.16146065,0.9978301
897.0,0.9999813,0.7617343,0.998899
898.0,0.9999939,0.54305935,0.996274
899.0,0.9999931,0.12560503,0.99655604
900.0,0.99993646,0.5149158,0.95919156
901.0,0.9999362,0.24316715,0.9815409
902.0,0.99999297,0.12910625,0.99691486
903.0,0.9999907,0.55176693,0.9987056
904.0,0.99998236,0.4007771,0.96293443
905.0,0.99995637,0.664468,0.9797831
906.0,0.9999032,0.48192367,0.7984569
907.0,0.99998057,0.3214798,0.99716824
908.0,0.9999932,0.14927739,0.9971397
909.0,0.99999714,0.016840255,0.99928623
910.0,0.99999607,0.20794657,0.99751425
911.0,0.99999285,0.26489374,0.9985752
912.0,0.999995,0.08546447,0.99677986
913.0,0.9999988,0.0667015,0.99787116
914.0,0.99999905,0.16779386,0.99929345
915.0,0.9999987,0.718086,0.9991391
916.0,0.9999974,0.019683925,0.9988085
917.0,0.9999976,0.0510594,0.99849737
918.0,0.9999943,0.18544558,0.9964521
919.0,0.99999857,0.10822944,0.9995245
920.0,0.99998224,0.16934972,0.99786454
921.0,0.9999964,0.102265604,0.9965054
922.0,0.9999845,0.025805248,0.96688354
923.0,0.9999536,0.17824613,0.99806637
924.0,0.99996614,0.33303866,0.99696356
925.0,0.99994755,0.06352124,0.99126315
926.0,0.9999541,0.37066916,0.97199464
927.0,0.99995434,0.07418099,0.98711514
928.0,0.9999964,0.7087759,0.9655438
929.0,0.9999918,0.6886487,0.9985322
930.0,0.9999887,0.054311547,0.99932456
931.0,0.9999863,0.10023901,0.99832624
932.0,0.9999732,0.09699659,0.99769706
933.0,0.99997365,0.517176,0.9966505
934.0,0.99997556,0.09960687,0.99956924
935.0,0.9999925,0.07830762,0.9996288
936.0,0.99997616,0.062126152,0.94566005
937.0,0.9999722,0.34207666,0.99806887
938.0,0.99998987,0.026551764,0.99722123
939.0,0.9999645,0.107335545,0.99769247
940.0,0.99998736,0.31678712,0.99857175
941.0,0.99993753,0.4059306,0.99954456
942.0,0.9999924,0.69669205,0.9996082
943.0,0.9999782,0.09488115,0.9996074
944.0,0.9999348,0.3661486,0.9995616
945.0,0.99998593,0.3599223,0.99918467
946.0,0.99997663,0.23131049,0.9995511
947.0,0.9999355,0.23990098,0.9988512
948.0,0.9998853,0.08968247,0.9993782
949.0,0.99995136,0.11234759,0.99892235
950.0,0.999979,0.18351077,0.97913754
951.0,0.9999889,0.7409552,0.9993032
952.0,0.99993837,0.114669375,0.9997787
953.0,0.9998398,0.026242467,0.9991115
954.0,0.9998729,0.12314668,0.99909306
955.0,0.99910444,0.0901752,0.99658173
956.0,0.9999269,0.54712915,0.9978714
957.0,0.9998853,0.014320558,0.99867
958.0,0.999959,0.043364413,0.9994856
959.0,0.99999046,0.18097883,0.9994855
960.0,0.99999595,0.02934693,0.9992623
961.0,0.99998903,0.11001946,0.9994653
962.0,0.99999845,0.0,0.99940944
963.0,0.999985,0.064233325,0.9990796
964.0,0.99984753,0.19370219,0.9982261
965.0,0.9998474,0.08486326,0.9991961
966.0,0.99996567,0.18665598,0.9996276
967.0,0.999859,0.6855416,0.9996612
968.0,0.9999113,0.23812601,0.9990048
969.0,0.99993455,0.45003685,0.99788815
970.0,0.9999809,0.24575254,0.99681693
971.0,0.99974066,0.78287035,0.99801385
972.0,0.9999521,0.13999079,0.99933064
973.0,0.9997862,0.27137163,0.99863833
974.0,0.99947995,0.013646055,0.9939028
975.0,0.9999815,0.7636665,0.9994836
976.0,0.99997175,0.31537718,0.99914634
977.0,0.9999887,0.3634354,0.99822146
978.0,0.99991715,0.7678437,0.9996748
979.0,0.9999914,0.018906632,0.99871325
980.0,0.9999435,0.22226678,0.9995975
981.0,0.9999902,0.04164475,0.9985115
982.0,0.9999894,0.22366415,0.99946874
983.0,0.9999958,0.046229124,0.9935017
984.0,0.9999962,0.063983455,0.9969169
985.0,0.9999939,0.0,0.9991603
986.0,0.99999857,0.09519718,0.9991667
987.0,0.9999976,0.024767417,0.9988312
988.0,0.9999908,0.088968515,0.99635726
989.0,0.99999344,0.019766334,0.9996487
990.0,0.99999213,0.017850611,0.9951491
991.0,0.999995,0.033609435,0.999516
992.0,0.99999404,0.10045858,0.99926645
993.0,0.99999714,0.0,0.99960226
994.0,0.9999572,0.0,0.99968505
995.0,0.99999654,0.0,0.9995951
996.0,0.9999939,0.023584036,0.99876803
997.0,0.9999968,0.0,0.9996339
998.0,0.9999958,0.1925199,0.9928011
999.0,0.99999034,0.05369362,0.99696213
1000.0,0.9999976,0.033018027,0.9990054
1001.0,0.9999914,0.091705374,0.9995413
1002.0,0.999997,0.27874005,0.9994056
1003.0,0.99999464,0.13386206,0.99933296
1004.0,0.9999981,0.20735312,0.99991417
1005.0,0.9999988,0.08702039,0.99982184
1006.0,0.999998,0.0,0.9998925
1007.0,0.9999995,0.0,0.9999422
1008.0,0.99999964,0.0,0.99987173
1009.0,0.99999976,0.0,0.9997137
1010.0,0.99999964,0.025586057,0.9999801
1011.0,0.99999905,0.1588853,0.99995315
1012.0,0.9999994,0.010377384,0.9999169
1013.0,0.99999964,0.10781315,0.9999194
1014.0,0.99999905,0.0,0.99990094
1015.0,0.9999993,0.020185936,0.99996305
1016.0,0.99999964,0.6964998,0.9999367
1017.0,0.9999995,0.13190277,0.9998777
1018.0,0.99999654,0.31824017,0.99980265
1019.0,0.99999917,0.10857335,0.9998909
1020.0,0.9999993,0.0,0.99992776
1021.0,1.0,0.509046,0.99995124
1022.0,0.99999976,0.017046971,0.99995875
1023.0,0.9999995,0.020343632,0.99993527
1024.0,0.99999535,0.12530915,0.9999696
1025.0,0.9999995,0.21248886,0.99994004
1026.0,0.9999982,0.071090356,0.9999691
1027.0,0.99999905,0.042418294,0.99997354
1028.0,0.99999905,0.039388668,0.9999343
1029.0,0.9999982,0.0,0.9999094
1030.0,0.99999905,0.17044522,0.9999558
1031.0,0.999998,0.039680645,0.9999107
1032.0,0.99999917,0.057272434,0.99991286
1033.0,0.999995,0.014972874,0.99995637
1034.0,0.9999993,0.12908633,0.9999503
1035.0,0.9999944,0.12748617,0.99988234
1036.0,0.9999919,0.1625466,0.99990547
1037.0,0.99997807,0.86294186,0.99984646
1038.0,0.9999976,0.2972569,0.9998517
1039.0,0.99999845,0.94375587,0.99980694
1040.0,0.99998164,0.085707374,0.9998623
1041.0,0.9999939,0.21240364,0.9996885
1042.0,0.99995947,0.40050754,0.9995585
1043.0,0.9999927,0.1403328,0.9995548
1044.0,0.99999845,0.38065028,0.9997396
1045.0,0.9999974,0.98044086,0.99978787
1046.0,0.9999987,0.0,0.9993113
1047.0,0.99999714,0.052395083,0.99973935
1048.0,0.99999213,0.012610009,0.9994004
1049.0,0.99998677,0.06924432,0.9984268
1050.0,0.99999166,0.03672614,0.9998317
1051.0,0.9994149,0.4238133,0.99957997
1052.0,0.99980813,0.80705065,0.9991653
1053.0,0.99995136,0.21305288,0.99886596
1054.0,0.99995005,0.101739,0.9995059
1055.0,0.999946,0.17732741,0.99955314
1056.0,0.9999658,0.29896015,0.999925
1057.0,0.99999106,0.0,0.99994874
1058.0,0.9999912,0.6231452,0.9999455
1059.0,0.9998822,0.83141994,0.99990654
1060.0,0.9999969,0.19830942,0.99986124
1061.0,0.99999595,0.5087942,0.9999685
1062.0,0.9999523,0.75316834,0.99988246
1063.0,0.99999905,0.09553784,0.9998708
1064.0,0.9999651,0.085624605,0.99996686
1065.0,0.9999993,0.010896148,0.9998273
1066.0,0.99999976,0.15509008,0.9998566
1067.0,0.9999987,0.22985457,0.9999639
1068.0,0.99999845,0.01209206,0.99971455
1069.0,0.99999285,0.25817528,0.99997115
1070.0,0.99999475,0.44072694,0.99908936
1071.0,0.9999949,0.58336353,0.999899
1072.0,0.9999988,0.113169,0.99984527
1073.0,0.99997795,0.51861554,0.9997924
1074.0,0.9999982,0.13716976,0.99995744
1075.0,0.9999906,0.0884273,0.99996793
1076.0,0.99999654,0.0,0.99996746
1077.0,0.99999726,0.01045701,0.9999763
1078.0,0.999998,0.02091581,0.9998797
1079.0,0.9999949,0.029662026,0.99992704
1080.0,0.9999895,0.05118537,0.999905
1081.0,0.9999876,0.019037547,0.9998512
1082.0,0.9999913,0.0,0.999974
1083.0,0.9999975,0.07739694,0.9999435
1084.0,0.99999774,0.0,0.9999479
1085.0,0.9999994,0.041116025,0.99996877
1086.0,0.99999833,0.019075386,0.9999386
1087.0,0.999998,0.01648881,0.9999052
1088.0,0.9999906,0.37118226,0.9999155
1089.0,0.9999937,0.41952553,0.9995739
1090.0,0.99999464,0.6939134,0.999936
1091.0,0.99999857,0.14135893,0.99988425
1092.0,0.9999918,0.2426181,0.9998361
1093.0,0.999992,0.06814853,0.9998884
1094.0,0.9999912,0.10982146,0.98903275
1095.0,0.99999964,0.15639819,0.99995005
1096.0,0.9999988,0.21541947,0.99976903
1097.0,0.99999905,0.37238345,0.99993396
1098.0,0.99999666,0.11437148,0.99994934
1099.0,0.9999902,0.4418275,0.9998902
1100.0,0.99999666,0.19518976,0.9999585
1101.0,0.9999969,0.516997,0.9994777
1102.0,0.99999964,0.29076767,0.99992096
1103.0,0.9999987,0.014486667,0.9999639
1104.0,0.99999905,0.013596679,0.99993336
1105.0,0.9999995,0.034475002,0.99969935
1106.0,0.9999987,0.018365659,0.9998933
1107.0,0.9999989,0.023229284,0.999843
1108.0,0.99999917,0.07950411,0.9998215
1109.0,0.99999297,0.0,0.99993443
1110.0,0.99999774,0.070410356,0.9998648
1111.0,0.9999989,0.061166003,0.9997763
1112.0,0.99999917,0.08048029,0.99990976
1113.0,0.9999982,0.026632065,0.9996171
1114.0,0.9999975,0.303496,0.9996526
1115.0,0.9999976,0.07212127,0.9998486
1116.0,0.99999785,0.0626646,0.99988914
1117.0,0.99997616,0.7131918,0.9998841
1118.0,0.9999908,0.0,0.99967563
1119.0,0.9999894,0.30956897,0.9998901
1120.0,0.99996805,0.24772334,0.9998136
1121.0,0.99999106,0.48759276,0.99929655
1122.0,0.9999018,0.10654702,0.99983954
1123.0,0.99996364,0.059678163,0.99906796
1124.0,0.9999635,0.46136275,0.9974849
1125.0,0.9999939,0.61325073,0.9998883
1126.0,0.9999945,0.10028837,0.99959725
1127.0,0.9999993,0.94916034,0.9997403
1128.0,0.9999975,0.09449406,0.9998105
1129.0,0.99999607,0.26866588,0.9999466
1130.0,0.99995863,0.44750226,0.9998902
1131.0,0.9999987,0.60723436,0.9999026
1132.0,0.9999958,0.40084016,0.99948967
1133.0,0.9999987,0.33242953,0.9998043
1134.0,0.99999976,0.12649406,0.99962914
1135.0,0.9999994,0.0,0.9996191
1136.0,0.9999999,0.014934748,0.9994343
1137.0,0.99999964,0.85066974,0.999961
1138.0,0.99999976,0.019153701,0.9999598
1139.0,0.9999995,0.45710868,0.99993336
1140.0,0.9999988,0.9014653,0.9998572
1141.0,0.9999975,0.08717166,0.99993384
1142.0,0.9999988,0.04007815,0.9998456
1143.0,0.99999976,0.97925866,0.9999881
1144.0,0.9999994,0.0228191,0.99983656
1145.0,0.9999995,0.34774157,0.99996305
1146.0,0.9999994,0.8380026,0.9999664
1147.0,0.9999994,0.21259801,0.99997497
1148.0,0.99999976,0.07024643,0.9999715
1149.0,0.99999964,0.0,0.99993324
1150.0,0.9999993,0.019640584,0.9999509
1151.0,0.9999995,0.09269203,0.9999664
1152.0,0.9999988,0.026501881,0.9945949
1153.0,0.9999988,0.025250293,0.9998275
1154.0,0.9999989,0.7898632,0.9999467
1155.0,0.9999937,0.6385048,0.9997137
1156.0,0.9999987,0.3938574,0.99994755
1157.0,0.9999981,0.8616868,0.99996305
1158.0,0.9999987,0.055036575,0.9999386
1159.0,0.99999964,0.7431821,0.99996555
1160.0,0.9999989,0.024626428,0.9999211
1161.0,0.9999988,0.49028748,0.99992037
1162.0,0.9999982,0.059336092,0.99961615
1163.0,0.99999785,0.36864808,0.99964345
1164.0,0.99999833,0.033251822,0.9999926
1165.0,0.9999989,0.9558066,0.99995196
1166.0,0.99999857,0.64851904,0.9998386
1167.0,0.9999987,0.04967161,0.9999602
1168.0,0.9999975,0.4810185,0.99779594
1169.0,0.9999988,0.15870316,0.9997701
1170.0,0.9999968,0.17057699,0.99894875
1171.0,0.9999981,0.6304387,0.82782066
1172.0,0.999998,0.0,0.999982
1173.0,0.99999917,0.01585224,0.99994195
1174.0,0.9999968,0.0,0.9999715
1175.0,0.9999975,0.04167908,0.9999881
1176.0,0.99999833,0.20651822,0.9998331
1177.0,0.999998,0.0,0.9999275
1178.0,0.9999975,0.026714243,0.9999746
1179.0,0.9999976,0.0,0.99996376
1180.0,0.99999654,0.0,0.99994445
1181.0,0.99999774,0.021374473,0.99997437
1182.0,0.99999845,0.0117927035,0.99994016
1183.0,0.999998,0.0,0.99988043
1184.0,0.9999962,0.019754287,0.99996746
1185.0,0.9999963,0.15680772,0.99990904
1186.0,0.99999666,0.35669208,0.9998049
1187.0,0.9999975,0.20725733,0.99978465
1188.0,0.9999982,0.014619922,0.9998387
1189.0,0.99999833,0.12625639,0.9997539
1190.0,0.9999987,0.767738,0.99995637
1191.0,0.9999976,0.14117573,0.9999397
1192.0,0.9999987,0.7334346,0.9998628
1193.0,0.9999987,0.24670856,0.9999541
1194.0,0.9999993,0.12208419,0.9997087
1195.0,0.99999905,0.13014801,0.9998092
1196.0,0.9999993,0.03552838,0.99969256
1197.0,0.99999917,0.9974124,0.9998809
1198.0,0.9999995,0.9825816,0.99994385
1199.0,0.9999995,0.3283394,0.9998832
1200.0,0.99999964,0.66996115,0.99990976
1201.0,0.99999964,0.052676354,0.9999006
1202.0,0.9999995,0.09662173,0.9998318
1203.0,0.9999999,0.9789053,0.9999255
1204.0,0.99999964,0.0,0.99969983
1205.0,0.99999976,0.68921196,0.9999521
1206.0,0.99999976,0.23088384,0.999985
1207.0,0.9999999,0.059679203,0.9999926
1208.0,0.99999976,0.028273946,0.9999429
1209.0,0.9999995,0.88034856,0.9999671
1210.0,0.99999976,0.63316214,0.99981934
1211.0,0.99999964,0.49810943,0.9999604
1212.0,0.99999964,0.04622473,0.9997638
1213.0,0.99999964,0.027154066,0.9999676
1214.0,0.99999976,0.0,0.99999046
1215.0,0.99999964,0.90596664,0.99997234
1216.0,0.99999964,0.022260878,0.99998295
1217.0,0.9999994,0.20071517,0.9999633
1218.0,0.99999964,0.17675546,0.9999125
1219.0,0.99999976,0.09399645,0.9999715
1220.0,0.9999999,0.69128,0.9999839
1221.0,0.9999993,0.055381328,0.9999765
1222.0,0.9999993,0.9315358,0.99820554
1223.0,0.9999995,0.28558698,0.996231
1224.0,0.9999995,0.8094154,0.99831676
